hotel,address,price,score,avg review,reviews count,lodgingtype,url,deals
Hotel AL Amin,"Bukit Bintang, Kuala Lumpur",MYR 137,"7.3
Scored 7.3",Good,253,Standard Double Room with Fan,https://www.booking.com/hotel/my/m-floor-al-amin.en-gb.html?label=gen173nr-1FCAEoggI46AdIM1gEaKEBiAEBmAExuAEXyAEM2AEB6AEB-AECiAIBqAIDuAKX68izBsACAdICJGMxM2Q0NjE0LWRhZDEtNDY3Ni1iOThjLTNkNGEzZGFlMjg2ZdgCBeACAQ&sid=f9d0ad33086a56b2cc3cfecfe9bd03c7&aid=304142&ucfs=1&arphpl=1&checkin=2024-06-21&checkout=2024-06-23&group_adults=2&req_adults=2&no_rooms=1&group_children=0&req_children=0&hpos=1&hapos=1&sr_order=popularity&srpvid=0d896bc7a9bc0080&srepoch=1718810468&all_sr_blocks=1046119901_378900866_2_0_0&highlighted_blocks=1046119901_378900866_2_0_0&matching_block_id=1046119901_378900866_2_0_0&sr_pri_blocks=1046119901_378900866_2_0_0__13680&from=searchresults,Limited-time Deal. You’re getting a reduced rate because this property has a limited-time deal running. These deals only last up to 48 hours..
Sofitel Kuala Lumpur Damansara,Kuala Lumpur,"MYR 1,380","8.6
Scored 8.6",Fabulous,"1,953",Luxury Twin Room,https://www.booking.com/hotel/my/sofitel-kuala-lumpur-damansara.en-gb.html?label=gen173nr-1FCAEoggI46AdIM1gEaKEBiAEBmAExuAEXyAEM2AEB6AEB-AECiAIBqAIDuAKX68izBsACAdICJGMxM2Q0NjE0LWRhZDEtNDY3Ni1iOThjLTNkNGEzZGFlMjg2ZdgCBeACAQ&sid=f9d0ad33086a56b2cc3cfecfe9bd03c7&aid=304142&ucfs=1&arphpl=1&checkin=2024-06-21&checkout=2024-06-23&group_adults=2&req_adults=2&no_rooms=1&group_children=0&req_children=0&hpos=2&hapos=2&sr_order=popularity&srpvid=0d896bc7a9bc0080&srepoch=1718810468&all_sr_blocks=231123505_107271422_2_42_0&highlighted_blocks=231123505_107271422_2_42_0&matching_block_id=231123505_107271422_2_42_0&sr_pri_blocks=231123505_107271422_2_42_0__138000&nad_id=982db958-c263-4289-8bc2-94347f4bcf5c_0&nad_cpc=0.5&nad_track=eyJyYW5rIjoxLCJrb2RkaVRyYWNraW5nSW5mbyI6Im5VS1RBNlA1ZXZBLzdCUkt3R0NBN3dTb2lyajExWG5yRmdvTGxodHpFZFNuNys5bUYwM0NLc3NlcFcyMFVMMnhCUFJNcTVMUlhLVE9LbkEyTFVPQVFBTVZ2YVFPQVQ2RGF2ekZ4MG9ES1dvdkVUOVYwZDRHd0phUlFBWjNsOFloV3N1QlJDcWVJVzhiN3BlUEcvVzlWcmM5ZjVNRUZUOHpMS2xtK2xiZjdoTWtZUENGdUUxMkhUOFpndkV4dzRaRWd2Y3M0MzZKdk1oWVVQdjEvRGNNWmQwNmg0d1l3TmF5d3ZiVWpsUnhjb0JkeDRLTXgzd2FzLzlROU90Nm1nMnhSRXUwMnZ1L2tINzZERHUrSng2c1ZPNlpoVndPK0JRbnE3VkZSUnFuQTJidnJnNzlBMjRUL2NPZy9QM3ZCTEMyWWtlWVRyVjZ0bHhkQzdyOWNtcHhKRzJHb0QyY1IydloySWRsb2xyYjVRcXU3MXdtcitETDVGTDVPMjJrU3laemtDcVZtTGtrSHYrYTNKNUJaSUkvUjdHdGY0K0JrZGZuWlNmUmx6aTJBVnVUeGdmY3FBZGJyMjdQSzlRa1NWekd3YzM0dGxFckU5cG9JQUg1cS92eEF5SFZjZ3hKbjdqTHNFekwzZXJ4SWx0aGdHc1FxTVJaOUFCVEJGbVFoU2xLMll3TVZsVW4wRlRrL2FZTEZJK3ZpaXFObUdjTitiTEVWdkFXWmxEcjZTK2JKQVpBQnJnbjJ2ZWw3ZXNFR3E3TG5YM00ycm8yUTYvelRPcEtVUEdOY0dxSWFRTXNoejRQT2Q2am1GU0ZzVXNUeTN4S1ozaVJGWSt6ZmFHb0hmdHRsMHlhTGRtbmgvMDNtK3l4ck92MnQzOHhrNXhWYm9oTnQxUlBaRlVPb3lHK1duSFZpeE4vK1oyS25yNWJtS0Q5Q0Y0UndkdkhOYTV5dGNjZVFEM0xHdXFGcGFvWFkybzg5OUxZTjhYUlhURVNRNjF2V1JGbGNOVW5NS1RCdHVka3R4ejJyL3piSE81OEtHeTlJTUNJZVJyMnhUQTlsRVVOeVRnWGp4cWY2YU9CdEJoR0xrQlVrL1VZd3ZiWDdISkhXK2VsbE9oR0liSzRabjhTUXhndkordmpMOHBJM1hJYUtEZ24xQUFISzVEZHlBRDJRTkljWUx4RHhxOG9jdHdGRnNmMzE5NldjL3k2dXlDT01hRlA1dEJvZG1BRHhyTDY2cVZSM282Z2xFeHI1RlBVNFo2WGkxdUd0VW9jaFMzS2dJOWtjY0pzamJWSnBSalhoTC9QYWRJejFhcHVqUjNnam53RHMyRDB1Zit6Y1oyNHFIZ0ZZZ1IzaW40SHZCZTJPakdvT2VuZVBDeWhUcUFsR3ZYSUc2endUcnRYNTljRzlyMmtKM2xVSkppMjNMRDErOVIvYzhGNUpUL3RiTkRYVVI2MlVoV3htUG5HUHZscUhiWnlpeWFOSlVTRjRxa3lod3g3UUo5aEI5N2xISER5bWhvd2RqRC9FTktmOWh1QmpvVXZvcWNOWEJPVnAwd2pIaW9TWEtXWWIzSW9SVDJUclNEcU02RGVXdlo1USs5TExDbnZkczNYUm5GL0drV1YzV3E4Y2Y4blc4UnZ0WFFOeFNPN2F0M1JycnFnWTdQbW43b2tWZXlCbENuWVN2cHp5ajVzMjV4c3JtNmxmYmdld0s0M1drWXVySkluTGVRQWpiM2MxS0xXTldvRll6WjJiS28zRkZkZThSRlpWeW1OWEJkYWs4MUI0MFBXL3Exc2t5Mis4UERsYVNPaHJpVlZmczBlUWU0QXllc3JHeTArMkxpUlpkTGdJNGtvZWQ5QXVTMXEzYnBqM0JJWmpoVmtJWW15VXIralMwVmV2MXFFZ25TYWZhZVFqbEZ3RHhQcFhtWDNFRS9hODJhckdVK2Npd0IrU3l3N3BYcFRNamlTNGtQVkltUnY5eTJCOU9URlhaNVI0Y09PQ1NYVFd6c2p4VDk4bXdCZGpCbzkwR2ZGYnplTHlvZDFsWFk4ajZPUTJTWVpxekI1NnpjSnNnVlVsZVdXeCtyYXBlMk1nWWZwQkV0bGJNanc1TDJIVzUwTlp1SG9Iejg2czlXWTRZdnExc3NaTk9HdGJvTnBUMEU5dHVqbUoyVWpDV1cxRkFsWXdsemN4K29Ldi9Ud3ZuSERHVDhNZmlYTUJsZmpQdzBqZ1BsS200ejlQSlNXZU54NFBGWEptVlNPNXFCdWJENVhZTUpjOFEwOGpmWW43WUtTVHd4MGxmWFBDdzhnNTJwSnFQcHMzKytVWFZmTzd5TlhMS1liWXBrdnhJWVdTZ09CbTFMcmdqNitNWkJoU0VhTllMaW1tWmZVWFZrSTdTeHVsaC9xN2c1dHA5MEpVOFhWL1BYV0M0MDllMTVLYmorSk9yUFNoTGJ3OXFlcEUrTGhCNmRnNHZSbzZFZ2VscndLVFkyckRUUDBFZDNQcExqZmNNY0VReG9ndjhVWkt1QXRlUGtFbFZEYmRjYldtbVcyOEhhNWdDYkdrUjZadjBqeE5oMkcrVzhkcGJyMnBpaHVpamJyN0s3dEhaYXAvd3V3RWhmMFhvM3RNT1JsWm9wcERsQjlEYldBY0ZjeVkzRzk0RlZZZkptcWtDeG1sVm5xK05SRmlJakdjbFZRRXlXZXlWSGRaaG45cGlxdmdxSmY4dGQxSkxraHVaSFY4bmxOSGh5NStyOUgvbDNxWW9nTVhBNTV5bnJKcUFOWW1tYXlIcHB1dThNTWFpYmJQaS9hL0I1LzZ0MDVHdGVPZnNORm1TSGhGTVpVR05FRDFxOE13cnF0a09neTdueWRHbHVGTUVxdzlkTm9kb2lKRnJTaE5JUG1GSXZqYlZidTZGTGJ3SU5QKzFGNXRwY0FpL0tJUHcvOTYxL280cnRrL3AzSVBtWXluQzBiV3dCQVk1bk5OeFV6NmJDRVh5NTY0Wk1yT3czOVY0MFNzNEkrTXJmZVRGWXRmbGE5THJnbU5FTENEc3ZOMmxLdWJ5bHFsNzVkaG5GazB3VE9SVUVCclF5dXM1V3dRSG9jSTNDSGZjTUVjekVSVm5oeEQzTE5nbkhoVnpLSm81aE9QUUxTajJiNXEyZzFiNERGcWRldHAxRnh0OUFQRWE0cjUzUUZFSStyUk53ZDdXcm5ZNmYxT00wT2ZIUXVNYzJJZ053YVhZYWRyYjduUmNtTTZDRnFiVnpaSjBYbXF6dGk0aHBzdk1kZ05lMWZMd2FyWnMrVE9NVXRXeGdUODkwNHR3K1ZUMDBLL0JZPSJ9&from_sustainable_property_sr=1&from=searchresults,No deals available
EMAS Service Suite Times Square,"Bukit Bintang, Kuala Lumpur",MYR 590,"10
Scored 10",Exceptional,3,One-Bedroom Apartment,https://www.booking.com/hotel/my/em-suite-berjaya-times-square.en-gb.html?label=gen173nr-1FCAEoggI46AdIM1gEaKEBiAEBmAExuAEXyAEM2AEB6AEB-AECiAIBqAIDuAKX68izBsACAdICJGMxM2Q0NjE0LWRhZDEtNDY3Ni1iOThjLTNkNGEzZGFlMjg2ZdgCBeACAQ&sid=f9d0ad33086a56b2cc3cfecfe9bd03c7&aid=304142&ucfs=1&arphpl=1&checkin=2024-06-21&checkout=2024-06-23&group_adults=2&req_adults=2&no_rooms=1&group_children=0&req_children=0&hpos=3&hapos=3&sr_order=popularity&srpvid=0d896bc7a9bc0080&srepoch=1718810468&all_sr_blocks=1167790901_389458914_2_0_0&highlighted_blocks=1167790901_389458914_2_0_0&matching_block_id=1167790901_389458914_2_0_0&sr_pri_blocks=1167790901_389458914_2_0_0__58968&from_sustainable_property_sr=1&from=searchresults,Getaway Deal. You're getting a reduced rate because this property is offering a discount on stays between 29 March–30 September 2024..
AGILE Service Suite Bukit Bintang KL,"Bukit Bintang, Kuala Lumpur",MYR 500,"10
Scored 10",Exceptional,4,Deluxe One-Bedroom Apartment,https://www.booking.com/hotel/my/agile-service-suite-bukit-bintang-kl.en-gb.html?label=gen173nr-1FCAEoggI46AdIM1gEaKEBiAEBmAExuAEXyAEM2AEB6AEB-AECiAIBqAIDuAKX68izBsACAdICJGMxM2Q0NjE0LWRhZDEtNDY3Ni1iOThjLTNkNGEzZGFlMjg2ZdgCBeACAQ&sid=f9d0ad33086a56b2cc3cfecfe9bd03c7&aid=304142&ucfs=1&arphpl=1&checkin=2024-06-21&checkout=2024-06-23&group_adults=2&req_adults=2&no_rooms=1&group_children=0&req_children=0&hpos=4&hapos=4&sr_order=popularity&srpvid=0d896bc7a9bc0080&srepoch=1718810468&all_sr_blocks=1218879404_394914669_2_0_0&highlighted_blocks=1218879404_394914669_2_0_0&matching_block_id=1218879404_394914669_2_0_0&sr_pri_blocks=1218879404_394914669_2_0_0__49975&from=searchresults,Getaway Deal. You're getting a reduced rate because this property is offering a discount on stays between 29 March–30 September 2024..
Radisson Apartment At Times Square KL,"Bukit Bintang, Kuala Lumpur",MYR 593,"9.9
Scored 9.9",Exceptional,8,One-Bedroom Apartment,https://www.booking.com/hotel/my/best-facilities-services-suites-at-times-square-kl.en-gb.html?label=gen173nr-1FCAEoggI46AdIM1gEaKEBiAEBmAExuAEXyAEM2AEB6AEB-AECiAIBqAIDuAKX68izBsACAdICJGMxM2Q0NjE0LWRhZDEtNDY3Ni1iOThjLTNkNGEzZGFlMjg2ZdgCBeACAQ&sid=f9d0ad33086a56b2cc3cfecfe9bd03c7&aid=304142&ucfs=1&arphpl=1&checkin=2024-06-21&checkout=2024-06-23&group_adults=2&req_adults=2&no_rooms=1&group_children=0&req_children=0&hpos=5&hapos=5&sr_order=popularity&srpvid=0d896bc7a9bc0080&srepoch=1718810468&all_sr_blocks=1156749501_388471518_2_0_0&highlighted_blocks=1156749501_388471518_2_0_0&matching_block_id=1156749501_388471518_2_0_0&sr_pri_blocks=1156749501_388471518_2_0_0__59250&from_sustainable_property_sr=1&from=searchresults,Getaway Deal. You're getting a reduced rate because this property is offering a discount on stays between 29 March–30 September 2024..
Raymond Suites Berjaya Times Square kuala Lumpur,"Bukit Bintang, Kuala Lumpur",MYR 652,"9.9
Scored 9.9",Exceptional,8,Studio Apartment,https://www.booking.com/hotel/my/raymond-apartment-at-times-square.en-gb.html?label=gen173nr-1FCAEoggI46AdIM1gEaKEBiAEBmAExuAEXyAEM2AEB6AEB-AECiAIBqAIDuAKX68izBsACAdICJGMxM2Q0NjE0LWRhZDEtNDY3Ni1iOThjLTNkNGEzZGFlMjg2ZdgCBeACAQ&sid=f9d0ad33086a56b2cc3cfecfe9bd03c7&aid=304142&ucfs=1&arphpl=1&checkin=2024-06-21&checkout=2024-06-23&group_adults=2&req_adults=2&no_rooms=1&group_children=0&req_children=0&hpos=6&hapos=6&sr_order=popularity&srpvid=0d896bc7a9bc0080&srepoch=1718810468&all_sr_blocks=1164572301_389132474_2_0_0&highlighted_blocks=1164572301_389132474_2_0_0&matching_block_id=1164572301_389132474_2_0_0&sr_pri_blocks=1164572301_389132474_2_0_0__65205&from_sustainable_property_sr=1&from=searchresults,No deals available
TRU Suites At Time Square Kuala Lumpur Malaysia,"Bukit Bintang, Kuala Lumpur",MYR 670,"9.8
Scored 9.8",Exceptional,4,One-Bedroom Apartment,https://www.booking.com/hotel/my/true-suites-at-time-square-kuala-lumpur-malaysia.en-gb.html?label=gen173nr-1FCAEoggI46AdIM1gEaKEBiAEBmAExuAEXyAEM2AEB6AEB-AECiAIBqAIDuAKX68izBsACAdICJGMxM2Q0NjE0LWRhZDEtNDY3Ni1iOThjLTNkNGEzZGFlMjg2ZdgCBeACAQ&sid=f9d0ad33086a56b2cc3cfecfe9bd03c7&aid=304142&ucfs=1&arphpl=1&checkin=2024-06-21&checkout=2024-06-23&group_adults=2&req_adults=2&no_rooms=1&group_children=0&req_children=0&hpos=7&hapos=7&sr_order=popularity&srpvid=0d896bc7a9bc0080&srepoch=1718810468&all_sr_blocks=1207041204_393045325_2_0_0&highlighted_blocks=1207041204_393045325_2_0_0&matching_block_id=1207041204_393045325_2_0_0&sr_pri_blocks=1207041204_393045325_2_0_0__67000&from_sustainable_property_sr=1&from=searchresults,No deals available
Eaton Residences KLCC by Ikon,"Bukit Bintang, Kuala Lumpur",MYR 682,"9.8
Scored 9.8",Exceptional,26,One-Bedroom Apartment,https://www.booking.com/hotel/my/eaton-residences-klcc-by-ikon.en-gb.html?label=gen173nr-1FCAEoggI46AdIM1gEaKEBiAEBmAExuAEXyAEM2AEB6AEB-AECiAIBqAIDuAKX68izBsACAdICJGMxM2Q0NjE0LWRhZDEtNDY3Ni1iOThjLTNkNGEzZGFlMjg2ZdgCBeACAQ&sid=f9d0ad33086a56b2cc3cfecfe9bd03c7&aid=304142&ucfs=1&arphpl=1&checkin=2024-06-21&checkout=2024-06-23&group_adults=2&req_adults=2&no_rooms=1&group_children=0&req_children=0&hpos=8&hapos=8&sr_order=popularity&srpvid=0d896bc7a9bc0080&srepoch=1718810468&all_sr_blocks=1202188901_392484324_2_0_0&highlighted_blocks=1202188901_392484324_2_0_0&matching_block_id=1202188901_392484324_2_0_0&sr_pri_blocks=1202188901_392484324_2_0_0__68205&from_sustainable_property_sr=1&from=searchresults,No deals available
CITY SERVICE SUITES at TIMES SQUARE,"Bukit Bintang, Kuala Lumpur",MYR 678,"9.8
Scored 9.8",Exceptional,6,Standard Studio,https://www.booking.com/hotel/my/crystal-suites-at-berjaya-times-square.en-gb.html?label=gen173nr-1FCAEoggI46AdIM1gEaKEBiAEBmAExuAEXyAEM2AEB6AEB-AECiAIBqAIDuAKX68izBsACAdICJGMxM2Q0NjE0LWRhZDEtNDY3Ni1iOThjLTNkNGEzZGFlMjg2ZdgCBeACAQ&sid=f9d0ad33086a56b2cc3cfecfe9bd03c7&aid=304142&ucfs=1&arphpl=1&checkin=2024-06-21&checkout=2024-06-23&group_adults=2&req_adults=2&no_rooms=1&group_children=0&req_children=0&hpos=9&hapos=9&sr_order=popularity&srpvid=0d896bc7a9bc0080&srepoch=1718810468&all_sr_blocks=980294606_383566325_2_0_0&highlighted_blocks=980294606_383566325_2_0_0&matching_block_id=980294606_383566325_2_0_0&sr_pri_blocks=980294606_383566325_2_0_0__67800&from_sustainable_property_sr=1&from=searchresults,No deals available
Imperial KLCC Residence,"Bukit Bintang, Kuala Lumpur","MYR 1,461","9.8
Scored 9.8",Exceptional,18,Two-Bedroom Family Apartment,https://www.booking.com/hotel/my/jdsuite-klcc.en-gb.html?label=gen173nr-1FCAEoggI46AdIM1gEaKEBiAEBmAExuAEXyAEM2AEB6AEB-AECiAIBqAIDuAKX68izBsACAdICJGMxM2Q0NjE0LWRhZDEtNDY3Ni1iOThjLTNkNGEzZGFlMjg2ZdgCBeACAQ&sid=f9d0ad33086a56b2cc3cfecfe9bd03c7&aid=304142&ucfs=1&arphpl=1&checkin=2024-06-21&checkout=2024-06-23&group_adults=2&req_adults=2&no_rooms=1&group_children=0&req_children=0&hpos=10&hapos=10&sr_order=popularity&srpvid=0d896bc7a9bc0080&srepoch=1718810469&all_sr_blocks=1205116002_392727306_4_0_0&highlighted_blocks=1205116002_392727306_4_0_0&matching_block_id=1205116002_392727306_4_0_0&sr_pri_blocks=1205116002_392727306_4_0_0__146100&from_sustainable_property_sr=1&from=searchresults,Getaway Deal. You're getting a reduced rate because this property is offering a discount on stays between 29 March–30 September 2024..
Kuala Lumpur Anggun Suite KLCC,"Chow Kit, Kuala Lumpur",MYR 572,"10
Scored 10",Exceptional,3,Deluxe One-Bedroom Apartment,https://www.booking.com/hotel/my/kl-anggun-residence-klcc.en-gb.html?label=gen173nr-1FCAEoggI46AdIM1gEaKEBiAEBmAExuAEXyAEM2AEB6AEB-AECiAIBqAIDuAKX68izBsACAdICJGMxM2Q0NjE0LWRhZDEtNDY3Ni1iOThjLTNkNGEzZGFlMjg2ZdgCBeACAQ&sid=f9d0ad33086a56b2cc3cfecfe9bd03c7&aid=304142&ucfs=1&arphpl=1&checkin=2024-06-21&checkout=2024-06-23&group_adults=2&req_adults=2&no_rooms=1&group_children=0&req_children=0&hpos=11&hapos=11&sr_order=popularity&srpvid=0d896bc7a9bc0080&srepoch=1718810469&all_sr_blocks=1201725502_392748131_0_0_0&highlighted_blocks=1201725502_392748131_0_0_0&matching_block_id=1201725502_392748131_0_0_0&sr_pri_blocks=1201725502_392748131_0_0_0__57240&from_sustainable_property_sr=1&from=searchresults,Getaway Deal. You're getting a reduced rate because this property is offering a discount on stays between 29 March–30 September 2024..
Mercu Summer Suites Apartment KLCC gGRIHO-Z,"Kuala Lumpur City-Centre, Kuala Lumpur",MYR 440,"10
Scored 10",Exceptional,6,Studio Apartment with Balcony,https://www.booking.com/hotel/my/mercu-summer-suites-apartment-klcc.en-gb.html?label=gen173nr-1FCAEoggI46AdIM1gEaKEBiAEBmAExuAEXyAEM2AEB6AEB-AECiAIBqAIDuAKX68izBsACAdICJGMxM2Q0NjE0LWRhZDEtNDY3Ni1iOThjLTNkNGEzZGFlMjg2ZdgCBeACAQ&sid=f9d0ad33086a56b2cc3cfecfe9bd03c7&aid=304142&ucfs=1&arphpl=1&checkin=2024-06-21&checkout=2024-06-23&group_adults=2&req_adults=2&no_rooms=1&group_children=0&req_children=0&hpos=12&hapos=12&sr_order=popularity&srpvid=0d896bc7a9bc0080&srepoch=1718810469&all_sr_blocks=1217314501_393970517_2_0_0&highlighted_blocks=1217314501_393970517_2_0_0&matching_block_id=1217314501_393970517_2_0_0&sr_pri_blocks=1217314501_393970517_2_0_0__44000&from_sustainable_property_sr=1&from=searchresults,Getaway Deal. You're getting a reduced rate because this property is offering a discount on stays between 29 March–30 September 2024..
Vortex Suites KLCC by Wakely Kuala Lumpur,"Bukit Bintang, Kuala Lumpur",MYR 843,"10
Scored 10",Exceptional,5,Two-Bedroom Apartment,https://www.booking.com/hotel/my/vortex-suites-klcc-by-wakely-kuala-lumpur-kuala-lumpur.en-gb.html?label=gen173nr-1FCAEoggI46AdIM1gEaKEBiAEBmAExuAEXyAEM2AEB6AEB-AECiAIBqAIDuAKX68izBsACAdICJGMxM2Q0NjE0LWRhZDEtNDY3Ni1iOThjLTNkNGEzZGFlMjg2ZdgCBeACAQ&sid=f9d0ad33086a56b2cc3cfecfe9bd03c7&aid=304142&ucfs=1&arphpl=1&checkin=2024-06-21&checkout=2024-06-23&group_adults=2&req_adults=2&no_rooms=1&group_children=0&req_children=0&hpos=13&hapos=13&sr_order=popularity&srpvid=0d896bc7a9bc0080&srepoch=1718810469&all_sr_blocks=1197645005_392059993_4_0_0&highlighted_blocks=1197645005_392059993_4_0_0&matching_block_id=1197645005_392059993_4_0_0&sr_pri_blocks=1197645005_392059993_4_0_0__84320&from_sustainable_property_sr=1&from=searchresults,No deals available
KL Apartment At Star Klcc,"Kuala Lumpur City-Centre, Kuala Lumpur","MYR 1,813","10
Scored 10",Exceptional,17,One-Bedroom Apartment,https://www.booking.com/hotel/my/kl-apartment-at-star-klcc.en-gb.html?label=gen173nr-1FCAEoggI46AdIM1gEaKEBiAEBmAExuAEXyAEM2AEB6AEB-AECiAIBqAIDuAKX68izBsACAdICJGMxM2Q0NjE0LWRhZDEtNDY3Ni1iOThjLTNkNGEzZGFlMjg2ZdgCBeACAQ&sid=f9d0ad33086a56b2cc3cfecfe9bd03c7&aid=304142&ucfs=1&arphpl=1&checkin=2024-06-21&checkout=2024-06-23&group_adults=2&req_adults=2&no_rooms=1&group_children=0&req_children=0&hpos=14&hapos=14&sr_order=popularity&srpvid=0d896bc7a9bc0080&srepoch=1718810469&all_sr_blocks=1158814401_388613037_2_0_0&highlighted_blocks=1158814401_388613037_2_0_0&matching_block_id=1158814401_388613037_2_0_0&sr_pri_blocks=1158814401_388613037_2_0_0__181327&from=searchresults,No deals available
The KLCC Suite Platinum,"Kuala Lumpur City-Centre, Kuala Lumpur","MYR 1,119","9.9
Scored 9.9",Exceptional,14,Deluxe One-Bedroom Apartment with City View,https://www.booking.com/hotel/my/the-klcc-suite-platinum-kuala-lumpur.en-gb.html?label=gen173nr-1FCAEoggI46AdIM1gEaKEBiAEBmAExuAEXyAEM2AEB6AEB-AECiAIBqAIDuAKX68izBsACAdICJGMxM2Q0NjE0LWRhZDEtNDY3Ni1iOThjLTNkNGEzZGFlMjg2ZdgCBeACAQ&sid=f9d0ad33086a56b2cc3cfecfe9bd03c7&aid=304142&ucfs=1&arphpl=1&checkin=2024-06-21&checkout=2024-06-23&group_adults=2&req_adults=2&no_rooms=1&group_children=0&req_children=0&hpos=15&hapos=15&sr_order=popularity&srpvid=0d896bc7a9bc0080&srepoch=1718810469&all_sr_blocks=1219473703_394155615_2_0_0&highlighted_blocks=1219473703_394155615_2_0_0&matching_block_id=1219473703_394155615_2_0_0&sr_pri_blocks=1219473703_394155615_2_0_0__111860&from=searchresults,Getaway Deal. You're getting a reduced rate because this property is offering a discount on stays between 29 March–30 September 2024..
Axon Infinity Pool KL,"Bukit Bintang, Kuala Lumpur",MYR 560,"9.9
Scored 9.9",Exceptional,16,Deluxe Studio,https://www.booking.com/hotel/my/infinity-pool-kl.en-gb.html?label=gen173nr-1FCAEoggI46AdIM1gEaKEBiAEBmAExuAEXyAEM2AEB6AEB-AECiAIBqAIDuAKX68izBsACAdICJGMxM2Q0NjE0LWRhZDEtNDY3Ni1iOThjLTNkNGEzZGFlMjg2ZdgCBeACAQ&sid=f9d0ad33086a56b2cc3cfecfe9bd03c7&aid=304142&ucfs=1&arphpl=1&checkin=2024-06-21&checkout=2024-06-23&group_adults=2&req_adults=2&no_rooms=1&group_children=0&req_children=0&hpos=16&hapos=16&sr_order=popularity&srpvid=0d896bc7a9bc0080&srepoch=1718810469&all_sr_blocks=1201246401_393090523_2_0_0&highlighted_blocks=1201246401_393090523_2_0_0&matching_block_id=1201246401_393090523_2_0_0&sr_pri_blocks=1201246401_393090523_2_0_0__55990&from_sustainable_property_sr=1&from=searchresults,Getaway Deal. You're getting a reduced rate because this property is offering a discount on stays between 29 March–30 September 2024..
Imperial KLCC Residences By Perkasa Ikon,"Bukit Bintang, Kuala Lumpur","MYR 1,691","9.9
Scored 9.9",Exceptional,8,Two-Bedroom Apartment,https://www.booking.com/hotel/my/imperial-service-apartment-klcc-by-perkasa.en-gb.html?label=gen173nr-1FCAEoggI46AdIM1gEaKEBiAEBmAExuAEXyAEM2AEB6AEB-AECiAIBqAIDuAKX68izBsACAdICJGMxM2Q0NjE0LWRhZDEtNDY3Ni1iOThjLTNkNGEzZGFlMjg2ZdgCBeACAQ&sid=f9d0ad33086a56b2cc3cfecfe9bd03c7&aid=304142&ucfs=1&arphpl=1&checkin=2024-06-21&checkout=2024-06-23&group_adults=2&req_adults=2&no_rooms=1&group_children=0&req_children=0&hpos=17&hapos=17&sr_order=popularity&srpvid=0d896bc7a9bc0080&srepoch=1718810469&all_sr_blocks=1212210901_393441893_0_2_0&highlighted_blocks=1212210901_393441893_0_2_0&matching_block_id=1212210901_393441893_0_2_0&sr_pri_blocks=1212210901_393441893_0_2_0__169065&from=searchresults,No deals available
Crystal Suite at Eaton KLCC,"Bukit Bintang, Kuala Lumpur","MYR 1,438","9.7
Scored 9.7",Exceptional,49,One-Bedroom Apartment,https://www.booking.com/hotel/my/klcc-suite-at-eaton.en-gb.html?label=gen173nr-1FCAEoggI46AdIM1gEaKEBiAEBmAExuAEXyAEM2AEB6AEB-AECiAIBqAIDuAKX68izBsACAdICJGMxM2Q0NjE0LWRhZDEtNDY3Ni1iOThjLTNkNGEzZGFlMjg2ZdgCBeACAQ&sid=f9d0ad33086a56b2cc3cfecfe9bd03c7&aid=304142&ucfs=1&arphpl=1&checkin=2024-06-21&checkout=2024-06-23&group_adults=2&req_adults=2&no_rooms=1&group_children=0&req_children=0&hpos=18&hapos=18&sr_order=popularity&srpvid=0d896bc7a9bc0080&srepoch=1718810469&all_sr_blocks=1182026601_390629824_2_0_0&highlighted_blocks=1182026601_390629824_2_0_0&matching_block_id=1182026601_390629824_2_0_0&sr_pri_blocks=1182026601_390629824_2_0_0__143820&from_sustainable_property_sr=1&from=searchresults,No deals available
Reizz Residence By Kuala Lumpur Suites,"Ampang, Kuala Lumpur",MYR 594,"10
Scored 10",Exceptional,5,Two-Bedroom Deluxe Apartment,https://www.booking.com/hotel/my/reizz-residence-by-kuala-lumpur-suites.en-gb.html?label=gen173nr-1FCAEoggI46AdIM1gEaKEBiAEBmAExuAEXyAEM2AEB6AEB-AECiAIBqAIDuAKX68izBsACAdICJGMxM2Q0NjE0LWRhZDEtNDY3Ni1iOThjLTNkNGEzZGFlMjg2ZdgCBeACAQ&sid=f9d0ad33086a56b2cc3cfecfe9bd03c7&aid=304142&ucfs=1&arphpl=1&checkin=2024-06-21&checkout=2024-06-23&group_adults=2&req_adults=2&no_rooms=1&group_children=0&req_children=0&hpos=19&hapos=19&sr_order=popularity&srpvid=0d896bc7a9bc0080&srepoch=1718810469&all_sr_blocks=1223328803_394484183_4_0_0&highlighted_blocks=1223328803_394484183_4_0_0&matching_block_id=1223328803_394484183_4_0_0&sr_pri_blocks=1223328803_394484183_4_0_0__59360&from=searchresults,Getaway Deal. You're getting a reduced rate because this property is offering a discount on stays between 29 March–30 September 2024..
Regalia luxury homes by infinity pool,"Chow Kit, Kuala Lumpur",MYR 616,"9.8
Scored 9.8",Exceptional,4,Standard Studio,https://www.booking.com/hotel/my/regalia-stylish-luxury-home.en-gb.html?label=gen173nr-1FCAEoggI46AdIM1gEaKEBiAEBmAExuAEXyAEM2AEB6AEB-AECiAIBqAIDuAKX68izBsACAdICJGMxM2Q0NjE0LWRhZDEtNDY3Ni1iOThjLTNkNGEzZGFlMjg2ZdgCBeACAQ&sid=f9d0ad33086a56b2cc3cfecfe9bd03c7&aid=304142&ucfs=1&arphpl=1&checkin=2024-06-21&checkout=2024-06-23&group_adults=2&req_adults=2&no_rooms=1&group_children=0&req_children=0&hpos=20&hapos=20&sr_order=popularity&srpvid=0d896bc7a9bc0080&srepoch=1718810469&all_sr_blocks=1073083301_386982376_2_0_0&highlighted_blocks=1073083301_386982376_2_0_0&matching_block_id=1073083301_386982376_2_0_0&sr_pri_blocks=1073083301_386982376_2_0_0__61600&from_sustainable_property_sr=1&from=searchresults,Getaway Deal. You're getting a reduced rate because this property is offering a discount on stays between 29 March–30 September 2024..
Axon Suite Premium KL,"Bukit Bintang, Kuala Lumpur",MYR 593,"10
Scored 10",Exceptional,4,Standard Suite,https://www.booking.com/hotel/my/suite-at-premium.en-gb.html?label=gen173nr-1FCAEoggI46AdIM1gEaKEBiAEBmAExuAEXyAEM2AEB6AEB-AECiAIBqAIDuAKX68izBsACAdICJGMxM2Q0NjE0LWRhZDEtNDY3Ni1iOThjLTNkNGEzZGFlMjg2ZdgCBeACAQ&sid=f9d0ad33086a56b2cc3cfecfe9bd03c7&aid=304142&ucfs=1&arphpl=1&checkin=2024-06-21&checkout=2024-06-23&group_adults=2&req_adults=2&no_rooms=1&group_children=0&req_children=0&hpos=21&hapos=21&sr_order=popularity&srpvid=0d896bc7a9bc0080&srepoch=1718810469&all_sr_blocks=1209785301_394460421_0_0_0&highlighted_blocks=1209785301_394460421_0_0_0&matching_block_id=1209785301_394460421_0_0_0&sr_pri_blocks=1209785301_394460421_0_0_0__59290&from_sustainable_property_sr=1&from=searchresults,Limited-time Deal. You’re getting a reduced rate because this property has a limited-time deal running. These deals only last up to 48 hours..
Unique Apartment Times Square KL,"Bukit Bintang, Kuala Lumpur",MYR 402,"10
Scored 10",Exceptional,4,Apartment with City View,https://www.booking.com/hotel/my/unique-apartment-times-square-kl.en-gb.html?label=gen173nr-1FCAEoggI46AdIM1gEaKEBiAEBmAExuAEXyAEM2AEB6AEB-AECiAIBqAIDuAKX68izBsACAdICJGMxM2Q0NjE0LWRhZDEtNDY3Ni1iOThjLTNkNGEzZGFlMjg2ZdgCBeACAQ&sid=f9d0ad33086a56b2cc3cfecfe9bd03c7&aid=304142&ucfs=1&arphpl=1&checkin=2024-06-21&checkout=2024-06-23&group_adults=2&req_adults=2&no_rooms=1&group_children=0&req_children=0&hpos=22&hapos=22&sr_order=popularity&srpvid=0d896bc7a9bc0080&srepoch=1718810469&all_sr_blocks=1223899402_394515702_2_0_0&highlighted_blocks=1223899402_394515702_2_0_0&matching_block_id=1223899402_394515702_2_0_0&sr_pri_blocks=1223899402_394515702_2_0_0__40170&from=searchresults,Getaway Deal. You're getting a reduced rate because this property is offering a discount on stays between 29 March–30 September 2024..
The MANOR Serviced Suites KLCC,"Bukit Bintang, Kuala Lumpur",MYR 950,"10
Scored 10",Exceptional,3,Suite with Balcony,https://www.booking.com/hotel/my/the-manor-serviced-suites-klcc.en-gb.html?label=gen173nr-1FCAEoggI46AdIM1gEaKEBiAEBmAExuAEXyAEM2AEB6AEB-AECiAIBqAIDuAKX68izBsACAdICJGMxM2Q0NjE0LWRhZDEtNDY3Ni1iOThjLTNkNGEzZGFlMjg2ZdgCBeACAQ&sid=f9d0ad33086a56b2cc3cfecfe9bd03c7&aid=304142&ucfs=1&arphpl=1&checkin=2024-06-21&checkout=2024-06-23&group_adults=2&req_adults=2&no_rooms=1&group_children=0&req_children=0&hpos=23&hapos=23&sr_order=popularity&srpvid=0d896bc7a9bc0080&srepoch=1718810469&all_sr_blocks=1222940203_394425626_4_0_0&highlighted_blocks=1222940203_394425626_4_0_0&matching_block_id=1222940203_394425626_4_0_0&sr_pri_blocks=1222940203_394425626_4_0_0__94950&from_sustainable_property_sr=1&from=searchresults,Getaway Deal. You're getting a reduced rate because this property is offering a discount on stays between 29 March–30 September 2024..
Opus suite Kuala Lampur By Home Stay,"Bukit Bintang, Kuala Lumpur",MYR 539,"10
Scored 10",Exceptional,3,One-Bedroom Apartment,https://www.booking.com/hotel/my/opus-suite-kuala-lampur-by-home-stay.en-gb.html?label=gen173nr-1FCAEoggI46AdIM1gEaKEBiAEBmAExuAEXyAEM2AEB6AEB-AECiAIBqAIDuAKX68izBsACAdICJGMxM2Q0NjE0LWRhZDEtNDY3Ni1iOThjLTNkNGEzZGFlMjg2ZdgCBeACAQ&sid=f9d0ad33086a56b2cc3cfecfe9bd03c7&aid=304142&ucfs=1&arphpl=1&checkin=2024-06-21&checkout=2024-06-23&group_adults=2&req_adults=2&no_rooms=1&group_children=0&req_children=0&hpos=24&hapos=24&sr_order=popularity&srpvid=0d896bc7a9bc0080&srepoch=1718810469&all_sr_blocks=1193099702_394141427_0_0_0&highlighted_blocks=1193099702_394141427_0_0_0&matching_block_id=1193099702_394141427_0_0_0&sr_pri_blocks=1193099702_394141427_0_0_0__53865&from_sustainable_property_sr=1&from=searchresults,Getaway Deal. You're getting a reduced rate because this property is offering a discount on stays between 29 March–30 September 2024..
Lovely Family Suites at Razak City Residence KL by HCK,"Bukit Bintang, Kuala Lumpur",MYR 672,"10
Scored 10",Exceptional,3,Two-Bedroom Suite,https://www.booking.com/hotel/my/family-lovely-at-razak-city-by-hck.en-gb.html?label=gen173nr-1FCAEoggI46AdIM1gEaKEBiAEBmAExuAEXyAEM2AEB6AEB-AECiAIBqAIDuAKX68izBsACAdICJGMxM2Q0NjE0LWRhZDEtNDY3Ni1iOThjLTNkNGEzZGFlMjg2ZdgCBeACAQ&sid=f9d0ad33086a56b2cc3cfecfe9bd03c7&aid=304142&ucfs=1&arphpl=1&checkin=2024-06-21&checkout=2024-06-23&group_adults=2&req_adults=2&no_rooms=1&group_children=0&req_children=0&hpos=25&hapos=25&sr_order=popularity&srpvid=0d896bc7a9bc0080&srepoch=1718810469&all_sr_blocks=1140668001_386920913_8_0_0&highlighted_blocks=1140668001_386920913_8_0_0&matching_block_id=1140668001_386920913_8_0_0&sr_pri_blocks=1140668001_386920913_8_0_0__67200&from_sustainable_property_sr=1&from=searchresults,Getaway Deal. You're getting a reduced rate because this property is offering a discount on stays between 29 March–30 September 2024..
188 Suites City Center,"Kuala Lumpur City-Centre, Kuala Lumpur",MYR 878,"9.7
Scored 9.7",Exceptional,3,One-Bedroom Apartment,https://www.booking.com/hotel/my/bnb-for-you.en-gb.html?label=gen173nr-1FCAEoggI46AdIM1gEaKEBiAEBmAExuAEXyAEM2AEB6AEB-AECiAIBqAIDuAKX68izBsACAdICJGMxM2Q0NjE0LWRhZDEtNDY3Ni1iOThjLTNkNGEzZGFlMjg2ZdgCBeACAQ&sid=f9d0ad33086a56b2cc3cfecfe9bd03c7&aid=304142&ucfs=1&arphpl=1&checkin=2024-06-21&checkout=2024-06-23&group_adults=2&req_adults=2&no_rooms=1&group_children=0&req_children=0&hpos=26&hapos=26&sr_order=popularity&srpvid=0d896bc7a9bc0080&srepoch=1718810469&all_sr_blocks=1177062201_390229619_2_0_0&highlighted_blocks=1177062201_390229619_2_0_0&matching_block_id=1177062201_390229619_2_0_0&sr_pri_blocks=1177062201_390229619_2_0_0__87840&from=searchresults,Getaway Deal. You're getting a reduced rate because this property is offering a discount on stays between 29 March–30 September 2024..
Dorsett Residences Sri Hartamas (Kuala Lumpur),"Sri Hartamas, Kuala Lumpur",MYR 476,"10
Scored 10",Exceptional,3,Superior Apartment,https://www.booking.com/hotel/my/dorsett-residences-sri-hartamas-kuala-lumpur-kuala-lumpur.en-gb.html?label=gen173nr-1FCAEoggI46AdIM1gEaKEBiAEBmAExuAEXyAEM2AEB6AEB-AECiAIBqAIDuAKX68izBsACAdICJGMxM2Q0NjE0LWRhZDEtNDY3Ni1iOThjLTNkNGEzZGFlMjg2ZdgCBeACAQ&sid=f9d0ad33086a56b2cc3cfecfe9bd03c7&aid=304142&ucfs=1&arphpl=1&checkin=2024-06-21&checkout=2024-06-23&group_adults=2&req_adults=2&no_rooms=1&group_children=0&req_children=0&hpos=1&hapos=27&sr_order=popularity&srpvid=0d896bc7a9bc0080&srepoch=1718810455&all_sr_blocks=1051011702_377340230_2_0_0&highlighted_blocks=1051011702_377340230_2_0_0&matching_block_id=1051011702_377340230_2_0_0&sr_pri_blocks=1051011702_377340230_2_0_0__47565&from_sustainable_property_sr=1&from=searchresults,Getaway Deal. You're getting a reduced rate because this property is offering a discount on stays between 29 March–30 September 2024..
AGILE Bukit Bintang TRX Serviced Apartment,"Bukit Bintang, Kuala Lumpur",MYR 525,"10
Scored 10",Exceptional,4,Superior Suite,https://www.booking.com/hotel/my/agile-bukit-bintang-trx-serviced-suites-apartment.en-gb.html?label=gen173nr-1FCAEoggI46AdIM1gEaKEBiAEBmAExuAEXyAEM2AEB6AEB-AECiAIBqAIDuAKX68izBsACAdICJGMxM2Q0NjE0LWRhZDEtNDY3Ni1iOThjLTNkNGEzZGFlMjg2ZdgCBeACAQ&sid=f9d0ad33086a56b2cc3cfecfe9bd03c7&aid=304142&ucfs=1&arphpl=1&checkin=2024-06-21&checkout=2024-06-23&group_adults=2&req_adults=2&no_rooms=1&group_children=0&req_children=0&hpos=2&hapos=28&sr_order=popularity&srpvid=0d896bc7a9bc0080&srepoch=1718810455&all_sr_blocks=1223677603_394497632_4_0_0&highlighted_blocks=1223677603_394497632_4_0_0&matching_block_id=1223677603_394497632_4_0_0&sr_pri_blocks=1223677603_394497632_4_0_0__52450&from_sustainable_property_sr=1&from=searchresults,Getaway Deal. You're getting a reduced rate because this property is offering a discount on stays between 29 March–30 September 2024..
Netizen Cozy Suite By GUESTONIC,Kuala Lumpur,MYR 280,"10
Scored 10",Exceptional,3,Studio with Balcony,https://www.booking.com/hotel/my/the-netizen-soho-amp-serviced-apartment.en-gb.html?label=gen173nr-1FCAEoggI46AdIM1gEaKEBiAEBmAExuAEXyAEM2AEB6AEB-AECiAIBqAIDuAKX68izBsACAdICJGMxM2Q0NjE0LWRhZDEtNDY3Ni1iOThjLTNkNGEzZGFlMjg2ZdgCBeACAQ&sid=f9d0ad33086a56b2cc3cfecfe9bd03c7&aid=304142&ucfs=1&arphpl=1&checkin=2024-06-21&checkout=2024-06-23&group_adults=2&req_adults=2&no_rooms=1&group_children=0&req_children=0&hpos=3&hapos=29&sr_order=popularity&srpvid=0d896bc7a9bc0080&srepoch=1718810455&all_sr_blocks=1045477501_376875795_2_0_0&highlighted_blocks=1045477501_376875795_2_0_0&matching_block_id=1045477501_376875795_2_0_0&sr_pri_blocks=1045477501_376875795_2_0_0__28048&from=searchresults,No deals available
Standard Suite AT Times Square,"Bukit Bintang, Kuala Lumpur",MYR 500,"10
Scored 10",Exceptional,4,One-Bedroom Apartment,https://www.booking.com/hotel/my/standard-suite-at-times-square.en-gb.html?label=gen173nr-1FCAEoggI46AdIM1gEaKEBiAEBmAExuAEXyAEM2AEB6AEB-AECiAIBqAIDuAKX68izBsACAdICJGMxM2Q0NjE0LWRhZDEtNDY3Ni1iOThjLTNkNGEzZGFlMjg2ZdgCBeACAQ&sid=f9d0ad33086a56b2cc3cfecfe9bd03c7&aid=304142&ucfs=1&arphpl=1&checkin=2024-06-21&checkout=2024-06-23&group_adults=2&req_adults=2&no_rooms=1&group_children=0&req_children=0&hpos=4&hapos=30&sr_order=popularity&srpvid=0d896bc7a9bc0080&srepoch=1718810455&all_sr_blocks=1208637601_393037417_2_0_0&highlighted_blocks=1208637601_393037417_2_0_0&matching_block_id=1208637601_393037417_2_0_0&sr_pri_blocks=1208637601_393037417_2_0_0__50000&from=searchresults,No deals available
Times Premier Suite At Times Square,"Bukit Bintang, Kuala Lumpur",MYR 605,"10
Scored 10",Exceptional,3,Deluxe Apartment,https://www.booking.com/hotel/my/sk-services-suite-at-times-square.en-gb.html?label=gen173nr-1FCAEoggI46AdIM1gEaKEBiAEBmAExuAEXyAEM2AEB6AEB-AECiAIBqAIDuAKX68izBsACAdICJGMxM2Q0NjE0LWRhZDEtNDY3Ni1iOThjLTNkNGEzZGFlMjg2ZdgCBeACAQ&sid=f9d0ad33086a56b2cc3cfecfe9bd03c7&aid=304142&ucfs=1&arphpl=1&checkin=2024-06-21&checkout=2024-06-23&group_adults=2&req_adults=2&no_rooms=1&group_children=0&req_children=0&hpos=5&hapos=31&sr_order=popularity&srpvid=0d896bc7a9bc0080&srepoch=1718810455&all_sr_blocks=1072407702_384830951_3_0_0&highlighted_blocks=1072407702_384830951_3_0_0&matching_block_id=1072407702_384830951_3_0_0&sr_pri_blocks=1072407702_384830951_3_0_0__60500&from=searchresults,No deals available
Times Square Suites KL,"Bukit Bintang, Kuala Lumpur",MYR 538,"10
Scored 10",Exceptional,4,One-Bedroom Apartment,https://www.booking.com/hotel/my/times-square-suites-kl.en-gb.html?label=gen173nr-1FCAEoggI46AdIM1gEaKEBiAEBmAExuAEXyAEM2AEB6AEB-AECiAIBqAIDuAKX68izBsACAdICJGMxM2Q0NjE0LWRhZDEtNDY3Ni1iOThjLTNkNGEzZGFlMjg2ZdgCBeACAQ&sid=f9d0ad33086a56b2cc3cfecfe9bd03c7&aid=304142&ucfs=1&arphpl=1&checkin=2024-06-21&checkout=2024-06-23&group_adults=2&req_adults=2&no_rooms=1&group_children=0&req_children=0&hpos=6&hapos=32&sr_order=popularity&srpvid=0d896bc7a9bc0080&srepoch=1718810455&all_sr_blocks=786568501_338187797_2_2_0&highlighted_blocks=786568501_338187797_2_2_0&matching_block_id=786568501_338187797_2_2_0&sr_pri_blocks=786568501_338187797_2_2_0__53820&from=searchresults,No deals available
First service suite KL Berjaya times Square,"Bukit Bintang, Kuala Lumpur",MYR 600,"10
Scored 10",Exceptional,3,One-Bedroom Apartment,https://www.booking.com/hotel/my/berjaya-times-square-residence-kl.en-gb.html?label=gen173nr-1FCAEoggI46AdIM1gEaKEBiAEBmAExuAEXyAEM2AEB6AEB-AECiAIBqAIDuAKX68izBsACAdICJGMxM2Q0NjE0LWRhZDEtNDY3Ni1iOThjLTNkNGEzZGFlMjg2ZdgCBeACAQ&sid=f9d0ad33086a56b2cc3cfecfe9bd03c7&aid=304142&ucfs=1&arphpl=1&checkin=2024-06-21&checkout=2024-06-23&group_adults=2&req_adults=2&no_rooms=1&group_children=0&req_children=0&hpos=7&hapos=33&sr_order=popularity&srpvid=0d896bc7a9bc0080&srepoch=1718810455&all_sr_blocks=1193295003_392642612_2_0_0&highlighted_blocks=1193295003_392642612_2_0_0&matching_block_id=1193295003_392642612_2_0_0&sr_pri_blocks=1193295003_392642612_2_0_0__60000&from=searchresults,No deals available
AFFORD SERVICE RESIDENCE AT TIMES SQUARE,"Bukit Bintang, Kuala Lumpur",MYR 800,"10
Scored 10",Exceptional,5,Studio Apartment,https://www.booking.com/hotel/my/afford-service-residence-at-times-square.en-gb.html?label=gen173nr-1FCAEoggI46AdIM1gEaKEBiAEBmAExuAEXyAEM2AEB6AEB-AECiAIBqAIDuAKX68izBsACAdICJGMxM2Q0NjE0LWRhZDEtNDY3Ni1iOThjLTNkNGEzZGFlMjg2ZdgCBeACAQ&sid=f9d0ad33086a56b2cc3cfecfe9bd03c7&aid=304142&ucfs=1&arphpl=1&checkin=2024-06-21&checkout=2024-06-23&group_adults=2&req_adults=2&no_rooms=1&group_children=0&req_children=0&hpos=8&hapos=34&sr_order=popularity&srpvid=0d896bc7a9bc0080&srepoch=1718810455&all_sr_blocks=1207432402_393718710_2_0_0&highlighted_blocks=1207432402_393718710_2_0_0&matching_block_id=1207432402_393718710_2_0_0&sr_pri_blocks=1207432402_393718710_2_0_0__80000&from=searchresults,No deals available
Diamond Service Suites Kuala Lumpur,"Kuala Lumpur City-Centre, Kuala Lumpur",MYR 897,"10
Scored 10",Exceptional,4,One-Bedroom Apartment,https://www.booking.com/hotel/my/diamond-service-suites-kuala-lumpur.en-gb.html?label=gen173nr-1FCAEoggI46AdIM1gEaKEBiAEBmAExuAEXyAEM2AEB6AEB-AECiAIBqAIDuAKX68izBsACAdICJGMxM2Q0NjE0LWRhZDEtNDY3Ni1iOThjLTNkNGEzZGFlMjg2ZdgCBeACAQ&sid=f9d0ad33086a56b2cc3cfecfe9bd03c7&aid=304142&ucfs=1&arphpl=1&checkin=2024-06-21&checkout=2024-06-23&group_adults=2&req_adults=2&no_rooms=1&group_children=0&req_children=0&hpos=9&hapos=35&sr_order=popularity&srpvid=0d896bc7a9bc0080&srepoch=1718810455&all_sr_blocks=1131054701_385791078_2_0_0&highlighted_blocks=1131054701_385791078_2_0_0&matching_block_id=1131054701_385791078_2_0_0&sr_pri_blocks=1131054701_385791078_2_0_0__89712&from=searchresults,Getaway Deal. You're getting a reduced rate because this property is offering a discount on stays between 29 March–30 September 2024..
menara bintang goldhill,"Kuala Lumpur City-Centre, Kuala Lumpur",MYR 855,"10
Scored 10",Exceptional,4,One-Bedroom Apartment,https://www.booking.com/hotel/my/menara-bintang-goldhill-kuala-lumpur3.en-gb.html?label=gen173nr-1FCAEoggI46AdIM1gEaKEBiAEBmAExuAEXyAEM2AEB6AEB-AECiAIBqAIDuAKX68izBsACAdICJGMxM2Q0NjE0LWRhZDEtNDY3Ni1iOThjLTNkNGEzZGFlMjg2ZdgCBeACAQ&sid=f9d0ad33086a56b2cc3cfecfe9bd03c7&aid=304142&ucfs=1&arphpl=1&checkin=2024-06-21&checkout=2024-06-23&group_adults=2&req_adults=2&no_rooms=1&group_children=0&req_children=0&hpos=10&hapos=36&sr_order=popularity&srpvid=0d896bc7a9bc0080&srepoch=1718810455&all_sr_blocks=1022763701_374736380_12_0_0&highlighted_blocks=1022763701_374736380_12_0_0&matching_block_id=1022763701_374736380_12_0_0&sr_pri_blocks=1022763701_374736380_12_0_0__85500&from=searchresults,No deals available
Luxury suites at Platinum by Faced,"Kuala Lumpur City-Centre, Kuala Lumpur",MYR 905,"10
Scored 10",Exceptional,4,Superior Apartment,https://www.booking.com/hotel/my/luxury-suites-at-platinum-by-faced.en-gb.html?label=gen173nr-1FCAEoggI46AdIM1gEaKEBiAEBmAExuAEXyAEM2AEB6AEB-AECiAIBqAIDuAKX68izBsACAdICJGMxM2Q0NjE0LWRhZDEtNDY3Ni1iOThjLTNkNGEzZGFlMjg2ZdgCBeACAQ&sid=f9d0ad33086a56b2cc3cfecfe9bd03c7&aid=304142&ucfs=1&arphpl=1&checkin=2024-06-21&checkout=2024-06-23&group_adults=2&req_adults=2&no_rooms=1&group_children=0&req_children=0&hpos=11&hapos=37&sr_order=popularity&srpvid=0d896bc7a9bc0080&srepoch=1718810455&all_sr_blocks=1184303001_395038591_2_0_0&highlighted_blocks=1184303001_395038591_2_0_0&matching_block_id=1184303001_395038591_2_0_0&sr_pri_blocks=1184303001_395038591_2_0_0__90450&from_sustainable_property_sr=1&from=searchresults,Getaway Deal. You're getting a reduced rate because this property is offering a discount on stays between 29 March–30 September 2024..
Star KLCC by BHS,"Kuala Lumpur City-Centre, Kuala Lumpur",MYR 883,"10
Scored 10",Exceptional,3,One-Bedroom Apartment with City View,https://www.booking.com/hotel/my/star-klcc-by-bhs.en-gb.html?label=gen173nr-1FCAEoggI46AdIM1gEaKEBiAEBmAExuAEXyAEM2AEB6AEB-AECiAIBqAIDuAKX68izBsACAdICJGMxM2Q0NjE0LWRhZDEtNDY3Ni1iOThjLTNkNGEzZGFlMjg2ZdgCBeACAQ&sid=f9d0ad33086a56b2cc3cfecfe9bd03c7&aid=304142&ucfs=1&arphpl=1&checkin=2024-06-21&checkout=2024-06-23&group_adults=2&req_adults=2&no_rooms=1&group_children=0&req_children=0&hpos=12&hapos=38&sr_order=popularity&srpvid=0d896bc7a9bc0080&srepoch=1718810455&all_sr_blocks=1210726401_393668210_0_0_0&highlighted_blocks=1210726401_393668210_0_0_0&matching_block_id=1210726401_393668210_0_0_0&sr_pri_blocks=1210726401_393668210_0_0_0__88277&from=searchresults,Getaway Deal. You're getting a reduced rate because this property is offering a discount on stays between 29 March–30 September 2024..
De Sky Platinum Suites KLCC Kuala Lumpur,"Kuala Lumpur City-Centre, Kuala Lumpur",MYR 989,"10
Scored 10",Exceptional,4,Deluxe King Studio,https://www.booking.com/hotel/my/de-sky-platinum-suites-klcc-kuala-lumpur.en-gb.html?label=gen173nr-1FCAEoggI46AdIM1gEaKEBiAEBmAExuAEXyAEM2AEB6AEB-AECiAIBqAIDuAKX68izBsACAdICJGMxM2Q0NjE0LWRhZDEtNDY3Ni1iOThjLTNkNGEzZGFlMjg2ZdgCBeACAQ&sid=f9d0ad33086a56b2cc3cfecfe9bd03c7&aid=304142&ucfs=1&arphpl=1&checkin=2024-06-21&checkout=2024-06-23&group_adults=2&req_adults=2&no_rooms=1&group_children=0&req_children=0&hpos=13&hapos=39&sr_order=popularity&srpvid=0d896bc7a9bc0080&srepoch=1718810455&all_sr_blocks=1210873602_393262201_0_0_0&highlighted_blocks=1210873602_393262201_0_0_0&matching_block_id=1210873602_393262201_0_0_0&sr_pri_blocks=1210873602_393262201_0_0_0__98892&from=searchresults,Limited-time Deal. You’re getting a reduced rate because this property has a limited-time deal running. These deals only last up to 48 hours..
Sky Suites Kuala Lumpur City Centre by Nadia,"Bukit Bintang, Kuala Lumpur","MYR 1,134","10
Scored 10",Exceptional,7,Three-Bedroom Apartment,https://www.booking.com/hotel/my/sky-suites-kuala-lumpur-city-centre-by-nadia-kuala-lumpur.en-gb.html?label=gen173nr-1FCAEoggI46AdIM1gEaKEBiAEBmAExuAEXyAEM2AEB6AEB-AECiAIBqAIDuAKX68izBsACAdICJGMxM2Q0NjE0LWRhZDEtNDY3Ni1iOThjLTNkNGEzZGFlMjg2ZdgCBeACAQ&sid=f9d0ad33086a56b2cc3cfecfe9bd03c7&aid=304142&ucfs=1&arphpl=1&checkin=2024-06-21&checkout=2024-06-23&group_adults=2&req_adults=2&no_rooms=1&group_children=0&req_children=0&hpos=14&hapos=40&sr_order=popularity&srpvid=0d896bc7a9bc0080&srepoch=1718810455&all_sr_blocks=1203957601_392629432_4_0_0&highlighted_blocks=1203957601_392629432_4_0_0&matching_block_id=1203957601_392629432_4_0_0&sr_pri_blocks=1203957601_392629432_4_0_0__113400&from=searchresults,No deals available
"The Leaf KL near MRT, UCSI 10 PAX, 1st Floor of the shoplot",Kuala Lumpur,"MYR 1,138","10
Scored 10",Exceptional,3,Four-Bedroom House,https://www.booking.com/hotel/my/the-leaf-taman-pertama-near-mrt-ucsi-10-pax.en-gb.html?label=gen173nr-1FCAEoggI46AdIM1gEaKEBiAEBmAExuAEXyAEM2AEB6AEB-AECiAIBqAIDuAKX68izBsACAdICJGMxM2Q0NjE0LWRhZDEtNDY3Ni1iOThjLTNkNGEzZGFlMjg2ZdgCBeACAQ&sid=f9d0ad33086a56b2cc3cfecfe9bd03c7&aid=304142&ucfs=1&arphpl=1&checkin=2024-06-21&checkout=2024-06-23&group_adults=2&req_adults=2&no_rooms=1&group_children=0&req_children=0&hpos=15&hapos=41&sr_order=popularity&srpvid=0d896bc7a9bc0080&srepoch=1718810455&all_sr_blocks=732643401_326580810_10_0_0&highlighted_blocks=732643401_326580810_10_0_0&matching_block_id=732643401_326580810_10_0_0&sr_pri_blocks=732643401_326580810_10_0_0__113810&from=searchresults,No deals available
Like HOME vortex KLCC,"Bukit Bintang, Kuala Lumpur","MYR 1,260","10
Scored 10",Exceptional,14,Three-Bedroom Apartment,https://www.booking.com/hotel/my/vortexklcc.en-gb.html?label=gen173nr-1FCAEoggI46AdIM1gEaKEBiAEBmAExuAEXyAEM2AEB6AEB-AECiAIBqAIDuAKX68izBsACAdICJGMxM2Q0NjE0LWRhZDEtNDY3Ni1iOThjLTNkNGEzZGFlMjg2ZdgCBeACAQ&sid=f9d0ad33086a56b2cc3cfecfe9bd03c7&aid=304142&ucfs=1&arphpl=1&checkin=2024-06-21&checkout=2024-06-23&group_adults=2&req_adults=2&no_rooms=1&group_children=0&req_children=0&hpos=16&hapos=42&sr_order=popularity&srpvid=0d896bc7a9bc0080&srepoch=1718810455&all_sr_blocks=910047001_362189542_2_0_0&highlighted_blocks=910047001_362189542_2_0_0&matching_block_id=910047001_362189542_2_0_0&sr_pri_blocks=910047001_362189542_2_0_0__126000&from=searchresults,No deals available
Kl Raymond Apartment at berjay time square,"Bukit Bintang, Kuala Lumpur","MYR 1,176","10
Scored 10",Exceptional,4,One-Bedroom Apartment,https://www.booking.com/hotel/my/kuala-lumpur-apartment-at-times-square-kuala-lumpur.en-gb.html?label=gen173nr-1FCAEoggI46AdIM1gEaKEBiAEBmAExuAEXyAEM2AEB6AEB-AECiAIBqAIDuAKX68izBsACAdICJGMxM2Q0NjE0LWRhZDEtNDY3Ni1iOThjLTNkNGEzZGFlMjg2ZdgCBeACAQ&sid=f9d0ad33086a56b2cc3cfecfe9bd03c7&aid=304142&ucfs=1&arphpl=1&checkin=2024-06-21&checkout=2024-06-23&group_adults=2&req_adults=2&no_rooms=1&group_children=0&req_children=0&hpos=17&hapos=43&sr_order=popularity&srpvid=0d896bc7a9bc0080&srepoch=1718810455&all_sr_blocks=819140001_375346447_2_0_0&highlighted_blocks=819140001_375346447_2_0_0&matching_block_id=819140001_375346447_2_0_0&sr_pri_blocks=819140001_375346447_2_0_0__117600&from=searchresults,No deals available
Platinum Suites Kuala Lumpur by Cityscape,"Kuala Lumpur City-Centre, Kuala Lumpur","MYR 1,224","10
Scored 10",Exceptional,4,Superior King Suite,https://www.booking.com/hotel/my/platinum-suites-kuala-lumpur-by-cityscape.en-gb.html?label=gen173nr-1FCAEoggI46AdIM1gEaKEBiAEBmAExuAEXyAEM2AEB6AEB-AECiAIBqAIDuAKX68izBsACAdICJGMxM2Q0NjE0LWRhZDEtNDY3Ni1iOThjLTNkNGEzZGFlMjg2ZdgCBeACAQ&sid=f9d0ad33086a56b2cc3cfecfe9bd03c7&aid=304142&ucfs=1&arphpl=1&checkin=2024-06-21&checkout=2024-06-23&group_adults=2&req_adults=2&no_rooms=1&group_children=0&req_children=0&hpos=18&hapos=44&sr_order=popularity&srpvid=0d896bc7a9bc0080&srepoch=1718810455&all_sr_blocks=1212433003_394074278_3_0_0&highlighted_blocks=1212433003_394074278_3_0_0&matching_block_id=1212433003_394074278_3_0_0&sr_pri_blocks=1212433003_394074278_3_0_0__122400&from=searchresults,Getaway Deal. You're getting a reduced rate because this property is offering a discount on stays between 29 March–30 September 2024..
near klcc vortex suites by Zamila,"Bukit Bintang, Kuala Lumpur","MYR 1,470","10
Scored 10",Exceptional,11,Three-Bedroom Apartment,https://www.booking.com/hotel/my/12-jalan-sultan-ismail-kuala-lampur-city-center-50250-kuala-lampur-malaysia.en-gb.html?label=gen173nr-1FCAEoggI46AdIM1gEaKEBiAEBmAExuAEXyAEM2AEB6AEB-AECiAIBqAIDuAKX68izBsACAdICJGMxM2Q0NjE0LWRhZDEtNDY3Ni1iOThjLTNkNGEzZGFlMjg2ZdgCBeACAQ&sid=f9d0ad33086a56b2cc3cfecfe9bd03c7&aid=304142&ucfs=1&arphpl=1&checkin=2024-06-21&checkout=2024-06-23&group_adults=2&req_adults=2&no_rooms=1&group_children=0&req_children=0&hpos=19&hapos=45&sr_order=popularity&srpvid=0d896bc7a9bc0080&srepoch=1718810455&all_sr_blocks=912908902_362659450_0_0_0&highlighted_blocks=912908902_362659450_0_0_0&matching_block_id=912908902_362659450_0_0_0&sr_pri_blocks=912908902_362659450_0_0_0__147000&from=searchresults,No deals available
Pool View Platinum KLCC,"Kuala Lumpur City-Centre, Kuala Lumpur","MYR 1,400","10
Scored 10",Exceptional,8,One-Bedroom Apartment,https://www.booking.com/hotel/my/the-face-suites-1-by-booking-deal.en-gb.html?label=gen173nr-1FCAEoggI46AdIM1gEaKEBiAEBmAExuAEXyAEM2AEB6AEB-AECiAIBqAIDuAKX68izBsACAdICJGMxM2Q0NjE0LWRhZDEtNDY3Ni1iOThjLTNkNGEzZGFlMjg2ZdgCBeACAQ&sid=f9d0ad33086a56b2cc3cfecfe9bd03c7&aid=304142&ucfs=1&arphpl=1&checkin=2024-06-21&checkout=2024-06-23&group_adults=2&req_adults=2&no_rooms=1&group_children=0&req_children=0&hpos=20&hapos=46&sr_order=popularity&srpvid=0d896bc7a9bc0080&srepoch=1718810455&all_sr_blocks=967671901_374447540_2_0_0&highlighted_blocks=967671901_374447540_2_0_0&matching_block_id=967671901_374447540_2_0_0&sr_pri_blocks=967671901_374447540_2_0_0__140000&from=searchresults,No deals available
The Platinum Suites KLCC by MOON-SKY,"Kuala Lumpur City-Centre, Kuala Lumpur","MYR 1,404","10
Scored 10",Exceptional,4,Classic One-Bedroom Apartment with King Bed,https://www.booking.com/hotel/my/the-platinum-suites-klcc-by-moon-sky.en-gb.html?label=gen173nr-1FCAEoggI46AdIM1gEaKEBiAEBmAExuAEXyAEM2AEB6AEB-AECiAIBqAIDuAKX68izBsACAdICJGMxM2Q0NjE0LWRhZDEtNDY3Ni1iOThjLTNkNGEzZGFlMjg2ZdgCBeACAQ&sid=f9d0ad33086a56b2cc3cfecfe9bd03c7&aid=304142&ucfs=1&arphpl=1&checkin=2024-06-21&checkout=2024-06-23&group_adults=2&req_adults=2&no_rooms=1&group_children=0&req_children=0&hpos=21&hapos=47&sr_order=popularity&srpvid=0d896bc7a9bc0080&srepoch=1718810455&all_sr_blocks=1211599601_393322215_2_0_0&highlighted_blocks=1211599601_393322215_2_0_0&matching_block_id=1211599601_393322215_2_0_0&sr_pri_blocks=1211599601_393322215_2_0_0__140400&from=searchresults,No deals available
vortex suites klcc Adela Suites,"Bukit Bintang, Kuala Lumpur","MYR 2,268","10
Scored 10",Exceptional,17,Three-Bedroom Apartment,https://www.booking.com/hotel/my/vortex-suites-klcc-by-vk.en-gb.html?label=gen173nr-1FCAEoggI46AdIM1gEaKEBiAEBmAExuAEXyAEM2AEB6AEB-AECiAIBqAIDuAKX68izBsACAdICJGMxM2Q0NjE0LWRhZDEtNDY3Ni1iOThjLTNkNGEzZGFlMjg2ZdgCBeACAQ&sid=f9d0ad33086a56b2cc3cfecfe9bd03c7&aid=304142&ucfs=1&arphpl=1&checkin=2024-06-21&checkout=2024-06-23&group_adults=2&req_adults=2&no_rooms=1&group_children=0&req_children=0&hpos=22&hapos=48&sr_order=popularity&srpvid=0d896bc7a9bc0080&srepoch=1718810455&all_sr_blocks=916721301_363183540_3_0_0&highlighted_blocks=916721301_363183540_3_0_0&matching_block_id=916721301_363183540_3_0_0&sr_pri_blocks=916721301_363183540_3_0_0__226800&from=searchresults,No deals available
The Face Suites By Infinity Pool,"Kuala Lumpur City-Centre, Kuala Lumpur",MYR 985,"9.9
Scored 9.9",Exceptional,12,Superior Apartment,https://www.booking.com/hotel/my/the-platinum-klcc-by-guest-house.en-gb.html?label=gen173nr-1FCAEoggI46AdIM1gEaKEBiAEBmAExuAEXyAEM2AEB6AEB-AECiAIBqAIDuAKX68izBsACAdICJGMxM2Q0NjE0LWRhZDEtNDY3Ni1iOThjLTNkNGEzZGFlMjg2ZdgCBeACAQ&sid=f9d0ad33086a56b2cc3cfecfe9bd03c7&aid=304142&ucfs=1&arphpl=1&checkin=2024-06-21&checkout=2024-06-23&group_adults=2&req_adults=2&no_rooms=1&group_children=0&req_children=0&hpos=23&hapos=49&sr_order=popularity&srpvid=0d896bc7a9bc0080&srepoch=1718810455&all_sr_blocks=1209165104_394112997_2_0_0&highlighted_blocks=1209165104_394112997_2_0_0&matching_block_id=1209165104_394112997_2_0_0&sr_pri_blocks=1209165104_394112997_2_0_0__98477&from_sustainable_property_sr=1&from=searchresults,Getaway Deal. You're getting a reduced rate because this property is offering a discount on stays between 29 March–30 September 2024..
Summer Suites KLCCby Victoria,"Kuala Lumpur City-Centre, Kuala Lumpur",MYR 450,"9.8
Scored 9.8",Exceptional,22,Studio with Balcony,https://www.booking.com/hotel/my/mercu-summer-suites-by-victoria.en-gb.html?label=gen173nr-1FCAEoggI46AdIM1gEaKEBiAEBmAExuAEXyAEM2AEB6AEB-AECiAIBqAIDuAKX68izBsACAdICJGMxM2Q0NjE0LWRhZDEtNDY3Ni1iOThjLTNkNGEzZGFlMjg2ZdgCBeACAQ&sid=f9d0ad33086a56b2cc3cfecfe9bd03c7&aid=304142&ucfs=1&arphpl=1&checkin=2024-06-21&checkout=2024-06-23&group_adults=2&req_adults=2&no_rooms=1&group_children=0&req_children=0&hpos=1&hapos=50&sr_order=popularity&srpvid=0d896bc7a9bc0080&srepoch=1718810468&all_sr_blocks=1190400202_391374125_2_0_0&highlighted_blocks=1190400202_391374125_2_0_0&matching_block_id=1190400202_391374125_2_0_0&sr_pri_blocks=1190400202_391374125_2_0_0__45000&from_sustainable_property_sr=1&from=searchresults,No deals available
Vertical Paradise KL @ Level 53,"Pudu, Kuala Lumpur",MYR 461,"9.9
Scored 9.9",Exceptional,11,Three-Bedroom Apartment,https://www.booking.com/hotel/my/vertical-paradise-kl-level-53.en-gb.html?label=gen173nr-1FCAEoggI46AdIM1gEaKEBiAEBmAExuAEXyAEM2AEB6AEB-AECiAIBqAIDuAKX68izBsACAdICJGMxM2Q0NjE0LWRhZDEtNDY3Ni1iOThjLTNkNGEzZGFlMjg2ZdgCBeACAQ&sid=f9d0ad33086a56b2cc3cfecfe9bd03c7&aid=304142&ucfs=1&arphpl=1&checkin=2024-06-21&checkout=2024-06-23&group_adults=2&req_adults=2&no_rooms=1&group_children=0&req_children=0&hpos=2&hapos=51&sr_order=popularity&srpvid=0d896bc7a9bc0080&srepoch=1718810468&all_sr_blocks=1143947401_387249549_2_0_0&highlighted_blocks=1143947401_387249549_2_0_0&matching_block_id=1143947401_387249549_2_0_0&sr_pri_blocks=1143947401_387249549_2_0_0__46080&from=searchresults,No deals available
Soho Suites KLCC by Comfort Suites Kuala Lumpur,"Bukit Bintang, Kuala Lumpur",MYR 750,"9.9
Scored 9.9",Exceptional,13,Apartment,https://www.booking.com/hotel/my/soho-suites-klcc-by-comfort-suites-kuala-lumpur.en-gb.html?label=gen173nr-1FCAEoggI46AdIM1gEaKEBiAEBmAExuAEXyAEM2AEB6AEB-AECiAIBqAIDuAKX68izBsACAdICJGMxM2Q0NjE0LWRhZDEtNDY3Ni1iOThjLTNkNGEzZGFlMjg2ZdgCBeACAQ&sid=f9d0ad33086a56b2cc3cfecfe9bd03c7&aid=304142&ucfs=1&arphpl=1&checkin=2024-06-21&checkout=2024-06-23&group_adults=2&req_adults=2&no_rooms=1&group_children=0&req_children=0&hpos=3&hapos=52&sr_order=popularity&srpvid=0d896bc7a9bc0080&srepoch=1718810468&all_sr_blocks=1189478802_395017179_4_0_0&highlighted_blocks=1189478802_395017179_4_0_0&matching_block_id=1189478802_395017179_4_0_0&sr_pri_blocks=1189478802_395017179_4_0_0__75000&from=searchresults,No deals available
KL COSY CONDO - NEW Stylish home above KL East Mall,Kuala Lumpur,MYR 778,"9.9
Scored 9.9",Exceptional,14,Two-Bedroom Apartment,https://www.booking.com/hotel/my/kl-cosy-condo-stylish-2-bedroom-kl-east-mall-kuala-lumpur.en-gb.html?label=gen173nr-1FCAEoggI46AdIM1gEaKEBiAEBmAExuAEXyAEM2AEB6AEB-AECiAIBqAIDuAKX68izBsACAdICJGMxM2Q0NjE0LWRhZDEtNDY3Ni1iOThjLTNkNGEzZGFlMjg2ZdgCBeACAQ&sid=f9d0ad33086a56b2cc3cfecfe9bd03c7&aid=304142&ucfs=1&arphpl=1&checkin=2024-06-21&checkout=2024-06-23&group_adults=2&req_adults=2&no_rooms=1&group_children=0&req_children=0&hpos=4&hapos=53&sr_order=popularity&srpvid=0d896bc7a9bc0080&srepoch=1718810468&all_sr_blocks=929305801_367351705_6_0_0&highlighted_blocks=929305801_367351705_6_0_0&matching_block_id=929305801_367351705_6_0_0&sr_pri_blocks=929305801_367351705_6_0_0__77778&from=searchresults,No deals available
Opus Residences by Manhattan Group,"Bukit Bintang, Kuala Lumpur",MYR 592,"9.7
Scored 9.7",Exceptional,3,One-Bedroom Apartment,https://www.booking.com/hotel/my/opus-residences-by-manhattan-group.en-gb.html?label=gen173nr-1FCAEoggI46AdIM1gEaKEBiAEBmAExuAEXyAEM2AEB6AEB-AECiAIBqAIDuAKX68izBsACAdICJGMxM2Q0NjE0LWRhZDEtNDY3Ni1iOThjLTNkNGEzZGFlMjg2ZdgCBeACAQ&sid=f9d0ad33086a56b2cc3cfecfe9bd03c7&aid=304142&ucfs=1&arphpl=1&checkin=2024-06-21&checkout=2024-06-23&group_adults=2&req_adults=2&no_rooms=1&group_children=0&req_children=0&hpos=5&hapos=54&sr_order=popularity&srpvid=0d896bc7a9bc0080&srepoch=1718810468&all_sr_blocks=1159685801_388681464_2_0_0&highlighted_blocks=1159685801_388681464_2_0_0&matching_block_id=1159685801_388681464_2_0_0&sr_pri_blocks=1159685801_388681464_2_0_0__59220&from=searchresults,No deals available
Vortex Suites Near Klcc-365,"Bukit Bintang, Kuala Lumpur","MYR 3,672","9.7
Scored 9.7",Exceptional,19,Three-Bedroom Apartment,https://www.booking.com/hotel/my/sky-suites-klcc-by-sk.en-gb.html?label=gen173nr-1FCAEoggI46AdIM1gEaKEBiAEBmAExuAEXyAEM2AEB6AEB-AECiAIBqAIDuAKX68izBsACAdICJGMxM2Q0NjE0LWRhZDEtNDY3Ni1iOThjLTNkNGEzZGFlMjg2ZdgCBeACAQ&sid=f9d0ad33086a56b2cc3cfecfe9bd03c7&aid=304142&ucfs=1&arphpl=1&checkin=2024-06-21&checkout=2024-06-23&group_adults=2&req_adults=2&no_rooms=1&group_children=0&req_children=0&hpos=6&hapos=55&sr_order=popularity&srpvid=0d896bc7a9bc0080&srepoch=1718810468&all_sr_blocks=780811604_337440959_4_0_0&highlighted_blocks=780811604_337440959_4_0_0&matching_block_id=780811604_337440959_4_0_0&sr_pri_blocks=780811604_337440959_4_0_0__367200&from_sustainable_property_sr=1&from=searchresults,Getaway Deal. You're getting a reduced rate because this property is offering a discount on stays between 29 March–30 September 2024..
CITY APARTMENT at TIMES SQUARE,"Bukit Bintang, Kuala Lumpur",MYR 491,"9.8
Scored 9.8",Exceptional,5,One-Bedroom Apartment,https://www.booking.com/hotel/my/apartment-at-times-square.en-gb.html?label=gen173nr-1FCAEoggI46AdIM1gEaKEBiAEBmAExuAEXyAEM2AEB6AEB-AECiAIBqAIDuAKX68izBsACAdICJGMxM2Q0NjE0LWRhZDEtNDY3Ni1iOThjLTNkNGEzZGFlMjg2ZdgCBeACAQ&sid=f9d0ad33086a56b2cc3cfecfe9bd03c7&aid=304142&ucfs=1&arphpl=1&checkin=2024-06-21&checkout=2024-06-23&group_adults=2&req_adults=2&no_rooms=1&group_children=0&req_children=0&hpos=7&hapos=56&sr_order=popularity&srpvid=0d896bc7a9bc0080&srepoch=1718810468&all_sr_blocks=1145892201_387432900_2_0_0&highlighted_blocks=1145892201_387432900_2_0_0&matching_block_id=1145892201_387432900_2_0_0&sr_pri_blocks=1145892201_387432900_2_0_0__49080&from_sustainable_property_sr=1&from=searchresults,Getaway Deal. You're getting a reduced rate because this property is offering a discount on stays between 29 March–30 September 2024..
The Platinum Suite Kuala Lumpur By Home Style,"Kuala Lumpur City-Centre, Kuala Lumpur",MYR 587,"9.8
Scored 9.8",Exceptional,4,One-Bedroom Apartment,https://www.booking.com/hotel/my/the-platinum-suite-kuala-lumpur-by-home-style.en-gb.html?label=gen173nr-1FCAEoggI46AdIM1gEaKEBiAEBmAExuAEXyAEM2AEB6AEB-AECiAIBqAIDuAKX68izBsACAdICJGMxM2Q0NjE0LWRhZDEtNDY3Ni1iOThjLTNkNGEzZGFlMjg2ZdgCBeACAQ&sid=f9d0ad33086a56b2cc3cfecfe9bd03c7&aid=304142&ucfs=1&arphpl=1&checkin=2024-06-21&checkout=2024-06-23&group_adults=2&req_adults=2&no_rooms=1&group_children=0&req_children=0&hpos=8&hapos=57&sr_order=popularity&srpvid=0d896bc7a9bc0080&srepoch=1718810468&all_sr_blocks=1197188201_392014287_2_0_0&highlighted_blocks=1197188201_392014287_2_0_0&matching_block_id=1197188201_392014287_2_0_0&sr_pri_blocks=1197188201_392014287_2_0_0__58725&from=searchresults,Getaway Deal. You're getting a reduced rate because this property is offering a discount on stays between 29 March–30 September 2024..
Sky Service suites at Times Square,"Bukit Bintang, Kuala Lumpur",MYR 569,"9.8
Scored 9.8",Exceptional,4,One-Bedroom Apartment,https://www.booking.com/hotel/my/sky-service-suites-at-times-square-bukit-bintang.en-gb.html?label=gen173nr-1FCAEoggI46AdIM1gEaKEBiAEBmAExuAEXyAEM2AEB6AEB-AECiAIBqAIDuAKX68izBsACAdICJGMxM2Q0NjE0LWRhZDEtNDY3Ni1iOThjLTNkNGEzZGFlMjg2ZdgCBeACAQ&sid=f9d0ad33086a56b2cc3cfecfe9bd03c7&aid=304142&ucfs=1&arphpl=1&checkin=2024-06-21&checkout=2024-06-23&group_adults=2&req_adults=2&no_rooms=1&group_children=0&req_children=0&hpos=9&hapos=58&sr_order=popularity&srpvid=0d896bc7a9bc0080&srepoch=1718810468&all_sr_blocks=1201953401_394168318_2_0_0&highlighted_blocks=1201953401_394168318_2_0_0&matching_block_id=1201953401_394168318_2_0_0&sr_pri_blocks=1201953401_394168318_2_0_0__56940&from=searchresults,Getaway Deal. You're getting a reduced rate because this property is offering a discount on stays between 29 March–30 September 2024..
ARK HOTEL MELAWATI,Kuala Lumpur,MYR 140,"9.8
Scored 9.8",Exceptional,4,Double Room,https://www.booking.com/hotel/my/ark-melawati.en-gb.html?label=gen173nr-1FCAEoggI46AdIM1gEaKEBiAEBmAExuAEXyAEM2AEB6AEB-AECiAIBqAIDuAKX68izBsACAdICJGMxM2Q0NjE0LWRhZDEtNDY3Ni1iOThjLTNkNGEzZGFlMjg2ZdgCBeACAQ&sid=f9d0ad33086a56b2cc3cfecfe9bd03c7&aid=304142&ucfs=1&arphpl=1&checkin=2024-06-21&checkout=2024-06-23&group_adults=2&req_adults=2&no_rooms=1&group_children=0&req_children=0&hpos=10&hapos=59&sr_order=popularity&srpvid=0d896bc7a9bc0080&srepoch=1718810468&all_sr_blocks=1202660501_392522286_0_0_0&highlighted_blocks=1202660501_392522286_0_0_0&matching_block_id=1202660501_392522286_0_0_0&sr_pri_blocks=1202660501_392522286_0_0_0__14000&from=searchresults,No deals available
-24 OFF Monthly l Premium 3BR by CITYSPACE,"Pudu, Kuala Lumpur",MYR 595,"9.8
Scored 9.8",Exceptional,5,Three-Bedroom Apartment,https://www.booking.com/hotel/my/parc-3-32-20.en-gb.html?label=gen173nr-1FCAEoggI46AdIM1gEaKEBiAEBmAExuAEXyAEM2AEB6AEB-AECiAIBqAIDuAKX68izBsACAdICJGMxM2Q0NjE0LWRhZDEtNDY3Ni1iOThjLTNkNGEzZGFlMjg2ZdgCBeACAQ&sid=f9d0ad33086a56b2cc3cfecfe9bd03c7&aid=304142&ucfs=1&arphpl=1&checkin=2024-06-21&checkout=2024-06-23&group_adults=2&req_adults=2&no_rooms=1&group_children=0&req_children=0&hpos=11&hapos=60&sr_order=popularity&srpvid=0d896bc7a9bc0080&srepoch=1718810468&all_sr_blocks=1092334201_382108522_0_0_0&highlighted_blocks=1092334201_382108522_0_0_0&matching_block_id=1092334201_382108522_0_0_0&sr_pri_blocks=1092334201_382108522_0_0_0__59500&from=searchresults,No deals available
Vortex Suites Klcc By SALEH,"Bukit Bintang, Kuala Lumpur",MYR 743,"9.8
Scored 9.8",Exceptional,8,Three-Bedroom Apartment,https://www.booking.com/hotel/my/vortex-suites-klcc-kualalumpur1.en-gb.html?label=gen173nr-1FCAEoggI46AdIM1gEaKEBiAEBmAExuAEXyAEM2AEB6AEB-AECiAIBqAIDuAKX68izBsACAdICJGMxM2Q0NjE0LWRhZDEtNDY3Ni1iOThjLTNkNGEzZGFlMjg2ZdgCBeACAQ&sid=f9d0ad33086a56b2cc3cfecfe9bd03c7&aid=304142&ucfs=1&arphpl=1&checkin=2024-06-21&checkout=2024-06-23&group_adults=2&req_adults=2&no_rooms=1&group_children=0&req_children=0&hpos=12&hapos=61&sr_order=popularity&srpvid=0d896bc7a9bc0080&srepoch=1718810468&all_sr_blocks=1132106501_387536127_2_0_0&highlighted_blocks=1132106501_387536127_2_0_0&matching_block_id=1132106501_387536127_2_0_0&sr_pri_blocks=1132106501_387536127_2_0_0__74250&from=searchresults,No deals available
2Br Star Residence Pool View Home,"Kuala Lumpur City-Centre, Kuala Lumpur","MYR 1,100","9.8
Scored 9.8",Exceptional,5,Apartment with Pool View,https://www.booking.com/hotel/my/2br-star-residence-pool-view-home-kuala-lumpur.en-gb.html?label=gen173nr-1FCAEoggI46AdIM1gEaKEBiAEBmAExuAEXyAEM2AEB6AEB-AECiAIBqAIDuAKX68izBsACAdICJGMxM2Q0NjE0LWRhZDEtNDY3Ni1iOThjLTNkNGEzZGFlMjg2ZdgCBeACAQ&sid=f9d0ad33086a56b2cc3cfecfe9bd03c7&aid=304142&ucfs=1&arphpl=1&checkin=2024-06-21&checkout=2024-06-23&group_adults=2&req_adults=2&no_rooms=1&group_children=0&req_children=0&hpos=13&hapos=62&sr_order=popularity&srpvid=0d896bc7a9bc0080&srepoch=1718810468&all_sr_blocks=1109381902_391725973_0_0_0&highlighted_blocks=1109381902_391725973_0_0_0&matching_block_id=1109381902_391725973_0_0_0&sr_pri_blocks=1109381902_391725973_0_0_0__110000&from=searchresults,No deals available
The Platinum Kuala Lumpur By Castle,"Kuala Lumpur City-Centre, Kuala Lumpur",MYR 863,"9.7
Scored 9.7",Exceptional,36,One-Bedroom Apartment,https://www.booking.com/hotel/my/platinum2-klcc-view.en-gb.html?label=gen173nr-1FCAEoggI46AdIM1gEaKEBiAEBmAExuAEXyAEM2AEB6AEB-AECiAIBqAIDuAKX68izBsACAdICJGMxM2Q0NjE0LWRhZDEtNDY3Ni1iOThjLTNkNGEzZGFlMjg2ZdgCBeACAQ&sid=f9d0ad33086a56b2cc3cfecfe9bd03c7&aid=304142&ucfs=1&arphpl=1&checkin=2024-06-21&checkout=2024-06-23&group_adults=2&req_adults=2&no_rooms=1&group_children=0&req_children=0&hpos=14&hapos=63&sr_order=popularity&srpvid=0d896bc7a9bc0080&srepoch=1718810468&all_sr_blocks=1127938102_389417013_2_0_0&highlighted_blocks=1127938102_389417013_2_0_0&matching_block_id=1127938102_389417013_2_0_0&sr_pri_blocks=1127938102_389417013_2_0_0__86250&from_sustainable_property_sr=1&from=searchresults,Getaway Deal. You're getting a reduced rate because this property is offering a discount on stays between 29 March–30 September 2024..
Jannat Service Suite At Times Square Bukit Bintang,"Bukit Bintang, Kuala Lumpur",MYR 555,"9.7
Scored 9.7",Exceptional,3,Superior Apartment,https://www.booking.com/hotel/my/presidential-service-suite-at-times-square.en-gb.html?label=gen173nr-1FCAEoggI46AdIM1gEaKEBiAEBmAExuAEXyAEM2AEB6AEB-AECiAIBqAIDuAKX68izBsACAdICJGMxM2Q0NjE0LWRhZDEtNDY3Ni1iOThjLTNkNGEzZGFlMjg2ZdgCBeACAQ&sid=f9d0ad33086a56b2cc3cfecfe9bd03c7&aid=304142&ucfs=1&arphpl=1&checkin=2024-06-21&checkout=2024-06-23&group_adults=2&req_adults=2&no_rooms=1&group_children=0&req_children=0&hpos=15&hapos=64&sr_order=popularity&srpvid=0d896bc7a9bc0080&srepoch=1718810468&all_sr_blocks=1013961604_394647144_0_0_0&highlighted_blocks=1013961604_394647144_0_0_0&matching_block_id=1013961604_394647144_0_0_0&sr_pri_blocks=1013961604_394647144_0_0_0__55530&from=searchresults,No deals available
near klcc vortex suites by PLUS POIN,"Bukit Bintang, Kuala Lumpur","MYR 1,197","9.7
Scored 9.7",Exceptional,27,Two-Bedroom Apartment,https://www.booking.com/hotel/my/vortex-klcc-by-dream-house.en-gb.html?label=gen173nr-1FCAEoggI46AdIM1gEaKEBiAEBmAExuAEXyAEM2AEB6AEB-AECiAIBqAIDuAKX68izBsACAdICJGMxM2Q0NjE0LWRhZDEtNDY3Ni1iOThjLTNkNGEzZGFlMjg2ZdgCBeACAQ&sid=f9d0ad33086a56b2cc3cfecfe9bd03c7&aid=304142&ucfs=1&arphpl=1&checkin=2024-06-21&checkout=2024-06-23&group_adults=2&req_adults=2&no_rooms=1&group_children=0&req_children=0&hpos=16&hapos=65&sr_order=popularity&srpvid=0d896bc7a9bc0080&srepoch=1718810468&all_sr_blocks=911158501_362399185_4_0_0&highlighted_blocks=911158501_362399185_4_0_0&matching_block_id=911158501_362399185_4_0_0&sr_pri_blocks=911158501_362399185_4_0_0__119700&from=searchresults,No deals available
7mintoKLCC-KLTower-Modern1R1B#NETFLIX#Wi-Fi#,"Bukit Bintang, Kuala Lumpur",MYR 466,"9.7
Scored 9.7",Exceptional,3,One-Bedroom Apartment,https://www.booking.com/hotel/my/in-the-heart-of-kuala-lumpur-the-robertson-residences.en-gb.html?label=gen173nr-1FCAEoggI46AdIM1gEaKEBiAEBmAExuAEXyAEM2AEB6AEB-AECiAIBqAIDuAKX68izBsACAdICJGMxM2Q0NjE0LWRhZDEtNDY3Ni1iOThjLTNkNGEzZGFlMjg2ZdgCBeACAQ&sid=f9d0ad33086a56b2cc3cfecfe9bd03c7&aid=304142&ucfs=1&arphpl=1&checkin=2024-06-21&checkout=2024-06-23&group_adults=2&req_adults=2&no_rooms=1&group_children=0&req_children=0&hpos=17&hapos=66&sr_order=popularity&srpvid=0d896bc7a9bc0080&srepoch=1718810468&all_sr_blocks=917555301_363308256_2_0_0&highlighted_blocks=917555301_363308256_2_0_0&matching_block_id=917555301_363308256_2_0_0&sr_pri_blocks=917555301_363308256_2_0_0__46600&from=searchresults,No deals available
Ekocheras Cozy Loft,Kuala Lumpur,MYR 486,"9.7
Scored 9.7",Exceptional,3,One-Bedroom Apartment,https://www.booking.com/hotel/my/ekocherascozy-with-steamboat-wifi-netflix-atarigame-and-near-mrt.en-gb.html?label=gen173nr-1FCAEoggI46AdIM1gEaKEBiAEBmAExuAEXyAEM2AEB6AEB-AECiAIBqAIDuAKX68izBsACAdICJGMxM2Q0NjE0LWRhZDEtNDY3Ni1iOThjLTNkNGEzZGFlMjg2ZdgCBeACAQ&sid=f9d0ad33086a56b2cc3cfecfe9bd03c7&aid=304142&ucfs=1&arphpl=1&checkin=2024-06-21&checkout=2024-06-23&group_adults=2&req_adults=2&no_rooms=1&group_children=0&req_children=0&hpos=18&hapos=67&sr_order=popularity&srpvid=0d896bc7a9bc0080&srepoch=1718810468&all_sr_blocks=1168708801_389436716_5_0_0&highlighted_blocks=1168708801_389436716_5_0_0&matching_block_id=1168708801_389436716_5_0_0&sr_pri_blocks=1168708801_389436716_5_0_0__48600&from_sustainable_property_sr=1&from=searchresults,No deals available
Luxury Studio Apartment with KL Breathtaking View,"Mid Valley, Kuala Lumpur",MYR 576,"9.7
Scored 9.7",Exceptional,3,One-Bedroom Apartment,https://www.booking.com/hotel/my/luxury-1-bedroom-studio-with-kl-breathtaking-view.en-gb.html?label=gen173nr-1FCAEoggI46AdIM1gEaKEBiAEBmAExuAEXyAEM2AEB6AEB-AECiAIBqAIDuAKX68izBsACAdICJGMxM2Q0NjE0LWRhZDEtNDY3Ni1iOThjLTNkNGEzZGFlMjg2ZdgCBeACAQ&sid=f9d0ad33086a56b2cc3cfecfe9bd03c7&aid=304142&ucfs=1&arphpl=1&checkin=2024-06-21&checkout=2024-06-23&group_adults=2&req_adults=2&no_rooms=1&group_children=0&req_children=0&hpos=19&hapos=68&sr_order=popularity&srpvid=0d896bc7a9bc0080&srepoch=1718810468&all_sr_blocks=1014026701_373985522_2_34_0&highlighted_blocks=1014026701_373985522_2_34_0&matching_block_id=1014026701_373985522_2_34_0&sr_pri_blocks=1014026701_373985522_2_34_0__57600&from_sustainable_property_sr=1&from=searchresults,No deals available
Legasi Kampung Baru by Twenty7,Kuala Lumpur,MYR 670,"9.7
Scored 9.7",Exceptional,54,Three-Bedroom Apartment,https://www.booking.com/hotel/my/27-legasi-kampung-baru-homestay.en-gb.html?label=gen173nr-1FCAEoggI46AdIM1gEaKEBiAEBmAExuAEXyAEM2AEB6AEB-AECiAIBqAIDuAKX68izBsACAdICJGMxM2Q0NjE0LWRhZDEtNDY3Ni1iOThjLTNkNGEzZGFlMjg2ZdgCBeACAQ&sid=f9d0ad33086a56b2cc3cfecfe9bd03c7&aid=304142&ucfs=1&arphpl=1&checkin=2024-06-21&checkout=2024-06-23&group_adults=2&req_adults=2&no_rooms=1&group_children=0&req_children=0&hpos=20&hapos=69&sr_order=popularity&srpvid=0d896bc7a9bc0080&srepoch=1718810468&all_sr_blocks=892567901_368390049_5_0_0&highlighted_blocks=892567901_368390049_5_0_0&matching_block_id=892567901_368390049_5_0_0&sr_pri_blocks=892567901_368390049_5_0_0__67000&from=searchresults,No deals available
Cosy City Centre Living at WTC,"Chow Kit, Kuala Lumpur",MYR 679,"9.7
Scored 9.7",Exceptional,27,Two-Bedroom Apartment,https://www.booking.com/hotel/my/wtc-villa-puteri.en-gb.html?label=gen173nr-1FCAEoggI46AdIM1gEaKEBiAEBmAExuAEXyAEM2AEB6AEB-AECiAIBqAIDuAKX68izBsACAdICJGMxM2Q0NjE0LWRhZDEtNDY3Ni1iOThjLTNkNGEzZGFlMjg2ZdgCBeACAQ&sid=f9d0ad33086a56b2cc3cfecfe9bd03c7&aid=304142&ucfs=1&arphpl=1&checkin=2024-06-21&checkout=2024-06-23&group_adults=2&req_adults=2&no_rooms=1&group_children=0&req_children=0&hpos=21&hapos=70&sr_order=popularity&srpvid=0d896bc7a9bc0080&srepoch=1718810468&all_sr_blocks=904585001_361433729_4_0_0&highlighted_blocks=904585001_361433729_4_0_0&matching_block_id=904585001_361433729_4_0_0&sr_pri_blocks=904585001_361433729_4_0_0__67900&from=searchresults,No deals available
Sunway Velocity MRT LRT Premium Family Homestay,"Pudu, Kuala Lumpur",MYR 582,"9.7
Scored 9.7",Exceptional,3,Three-Bedroom Apartment,https://www.booking.com/hotel/my/sunway-velocity-mrt-lrt-premium-family-homestay.en-gb.html?label=gen173nr-1FCAEoggI46AdIM1gEaKEBiAEBmAExuAEXyAEM2AEB6AEB-AECiAIBqAIDuAKX68izBsACAdICJGMxM2Q0NjE0LWRhZDEtNDY3Ni1iOThjLTNkNGEzZGFlMjg2ZdgCBeACAQ&sid=f9d0ad33086a56b2cc3cfecfe9bd03c7&aid=304142&ucfs=1&arphpl=1&checkin=2024-06-21&checkout=2024-06-23&group_adults=2&req_adults=2&no_rooms=1&group_children=0&req_children=0&hpos=22&hapos=71&sr_order=popularity&srpvid=0d896bc7a9bc0080&srepoch=1718810468&all_sr_blocks=1071625401_379686530_3_0_0&highlighted_blocks=1071625401_379686530_3_0_0&matching_block_id=1071625401_379686530_3_0_0&sr_pri_blocks=1071625401_379686530_3_0_0__58208&from_sustainable_property_sr=1&from=searchresults,No deals available
vortex suites klcc HOLIDAY apartment,"Bukit Bintang, Kuala Lumpur","MYR 1,310","9.7
Scored 9.7",Exceptional,26,Three-Bedroom Apartment,https://www.booking.com/hotel/my/vortex-suites-klcc-by-pic.en-gb.html?label=gen173nr-1FCAEoggI46AdIM1gEaKEBiAEBmAExuAEXyAEM2AEB6AEB-AECiAIBqAIDuAKX68izBsACAdICJGMxM2Q0NjE0LWRhZDEtNDY3Ni1iOThjLTNkNGEzZGFlMjg2ZdgCBeACAQ&sid=f9d0ad33086a56b2cc3cfecfe9bd03c7&aid=304142&ucfs=1&arphpl=1&checkin=2024-06-21&checkout=2024-06-23&group_adults=2&req_adults=2&no_rooms=1&group_children=0&req_children=0&hpos=23&hapos=72&sr_order=popularity&srpvid=0d896bc7a9bc0080&srepoch=1718810468&all_sr_blocks=915344001_362982778_2_0_0&highlighted_blocks=915344001_362982778_2_0_0&matching_block_id=915344001_362982778_2_0_0&sr_pri_blocks=915344001_362982778_2_0_0__131040&from=searchresults,No deals available
